first_name|last_name|date_of_birth|email|phone
Luke|Baxley|1998-02-01|lpb@myUniversity.com|7808837269
Marnie|Lemmons|1998-07-11|mgl@myUniversity.com|8264437227
Anne|Scott|1997-02-02|afs@myUniversity.com|7593152580
Lucy|Blakeslee|2000-02-03|lbb@myUniversity.com|9562775715
Chelsea|Vlassman|1997-11-20|scv@myUniversity.com|7167139011
Kelly|Hudson|1999-01-25|mkh@myUniversity.com|7755532558
Todd|Robertson|2001-04-29|gtw@myUniversity.com|2797053782
Kirk|Mitchell|1997-09-10|jkm@myUniversity.com|9378579883
Suzanne|Dunn|1997-11-03|ksd@myUniversity.com|9856777127
Yash|Bansal|1997-11-03|bansal.yash111@gmail.com|7722917717
